<?xml version="1.0" encoding="UTF-8"?>
<project-private xmlns="http://www.netbeans.org/ns/project-private/1">
    <editor-bookmarks xmlns="http://www.netbeans.org/ns/editor-bookmarks/2" lastBookmarkId="0"/>
    <open-files xmlns="http://www.netbeans.org/ns/projectui-open-files/2">
        <group>
            <file>file:/E:/NetBeans/Minor%20Project/web/Pages/sell.css</file>
            <file>file:/E:/NetBeans/Minor%20Project/web/Pages/Sell.html</file>
            <file>file:/E:/NetBeans/Minor%20Project/web/Pages/ImageTest.jsp</file>
            <file>file:/E:/NetBeans/Minor%20Project/src/java/packserver/ImgServlet.java</file>
            <file>file:/E:/NetBeans/Minor%20Project/web/Pages/shop.jsp</file>
            <file>file:/E:/NetBeans/Minor%20Project/web/index.jsp</file>
            <file>file:/E:/NetBeans/Minor%20Project/src/java/packserver/SignServlet.java</file>
            <file>file:/E:/NetBeans/Minor%20Project/web/Pages/SignUp.html</file>
            <file>file:/E:/NetBeans/Minor%20Project/web/Pages/verifysignup.html</file>
        </group>
    </open-files>
</project-private>
